<settings version="2">
    <setting id="epgCache">true</setting>
    <setting id="epgPath" default="true"></setting>
    <setting id="epgPathType">1</setting>
    <setting id="epgTimeShift" default="true">0</setting>
    <setting id="epgTSOverride" default="true">false</setting>
    <setting id="epgUrl">http://i.mjh.nz/au/Perth/epg.xml</setting>
    <setting id="logoBaseUrl" default="true"></setting>
    <setting id="logoFromEpg">2</setting>
    <setting id="logoPath" default="true"></setting>
    <setting id="logoPathType">1</setting>
    <setting id="m3uCache">true</setting>
    <setting id="m3uPath" default="true"></setting>
    <setting id="m3uPathType">1</setting>
    <setting id="m3uUrl">http://i.mjh.nz/au/Perth/kodi.m3u8</setting>
    <setting id="startNum">1</setting>
    <setting id="userAgent" default="true"></setting>
</settings>
