<?xml version="1.0" encoding="UTF-8" standalone="yes"?>
<addon id="plugin.video.tvchanger" name="TV Region Changer" version="0.0.1" provider-name="Mitchell">
    <requires>
        <import addon="xbmc.python" version="2.25.0"/>
        <import addon="script.module.routing" version="0.2.0"/>

    </requires>
    <extension point="xbmc.python.pluginsource" library="main.py">
        <provides>video</provides>
    </extension>
    <extension point="xbmc.addon.metadata">
        <summary lang="en_GB">Changes TV regions easily.</summary>
        <description lang="en_GB"></description>
        <language></language>
        <platform>all</platform>
        <license>Apache-2.0</license>
        <forum></forum>
        <website>redsevenstudios.com</website>
        <email>mitchellman0007@gmail.com</email>
        <source></source>
        <news></news>
        <disclaimer></disclaimer>
        <assets>
            <icon>resources/icon.png</icon>
            <fanart>resources/art.jpg</fanart>
        </assets>
    </extension>
</addon>
